{
  "customer": "52436e7d-c62e-4c85-9fab-4ba5108d0798",
  "account": "bd10d00c-8dcb-4332-8646-56e7a87f22e0",
  "transactions": [
    {
      "externalId": "0af976c5-f884-4180-bb27-51fb9d104d59",
      "aisType": "BerlinGroup",
      "accountId": "bd10d00c-8dcb-4332-8646-56e7a87f22e0",
      "accountName": "Primary Account",
      "accountIdentity": "IN3568250058046576",
      "currency": "INR",
      "amount": -2223,
      "bookingDate": "2024-05-23",
      "valueDate": "2025-04-05",
      "bankTransactionCode": "PMT",
      "proprietaryBankTransactionCode": "DEBT",
      "remittanceInformationUnstructured": "transport - Uber",
      "creditorAccount": {},
      "debtorAccount": {
        "identity": "IN4525568175434575",
        "iban": "IN4525568175434575",
        "bban": "55053541173051",
        "currency": "INR"
      },
      "accountIban": "IN3568250058046576",
      "operationId": "OP-42cb28f6",
      "entryReference": "REF-217593",
      "endToEndId": "E2E-cf4e3574",
      "debtorBic": "MOCKINBBXXX",
      "purposeCode": "OTHR"
    },
    {
      "externalId": "d2b3d654-30f3-4f02-9bad-f8abb55c73eb",
      "aisType": "BerlinGroup",
      "accountId": "bd10d00c-8dcb-4332-8646-56e7a87f22e0",
      "accountName": "Primary Account",
      "accountIdentity": "IN3568250058046576",
      "currency": "INR",
      "amount": -4230,
      "bookingDate": "2025-02-12",
      "valueDate": "2025-04-05",
      "bankTransactionCode": "PMT",
      "proprietaryBankTransactionCode": "DEBT",
      "remittanceInformationUnstructured": "dining - Swiggy",
      "creditorAccount": {},
      "debtorAccount": {
        "identity": "IN7091804856560716",
        "iban": "IN7091804856560716",
        "bban": "87240174398369",
        "currency": "INR"
      },
      "accountIban": "IN3568250058046576",
      "operationId": "OP-8f8f12e7",
      "entryReference": "REF-584304",
      "endToEndId": "E2E-9845b1b3",
      "debtorBic": "MOCKINBBXXX",
      "purposeCode": "BKDF"
    },
    {
      "externalId": "264581a0-b9e7-41ba-aa40-6fcff348dc84",
      "aisType": "BerlinGroup",
      "accountId": "bd10d00c-8dcb-4332-8646-56e7a87f22e0",
      "accountName": "Primary Account",
      "accountIdentity": "IN3568250058046576",
      "currency": "INR",
      "amount": -297331,
      "bookingDate": "2024-11-30",
      "valueDate": "2025-04-05",
      "bankTransactionCode": "PMT",
      "proprietaryBankTransactionCode": "DEBT",
      "remittanceInformationUnstructured": "rent - Landlord",
      "creditorAccount": {},
      "debtorAccount": {
        "identity": "IN6460587795198942",
        "iban": "IN6460587795198942",
        "bban": "29256425271491",
        "currency": "INR"
      },
      "accountIban": "IN3568250058046576",
      "operationId": "OP-111910c5",
      "entryReference": "REF-496175",
      "endToEndId": "E2E-3c972750",
      "debtorBic": "MOCKINBBXXX",
      "purposeCode": "BKDF"
    },
    {
      "externalId": "c822d284-06d9-44f3-b518-2195d202d1ba",
      "aisType": "BerlinGroup",
      "accountId": "bd10d00c-8dcb-4332-8646-56e7a87f22e0",
      "accountName": "Primary Account",
      "accountIdentity": "IN3568250058046576",
      "currency": "INR",
      "amount": 6241635,
      "bookingDate": "2024-06-22",
      "valueDate": "2025-04-05",
      "bankTransactionCode": "PMT",
      "proprietaryBankTransactionCode": "CRDT",
      "remittanceInformationUnstructured": "salary - Company",
      "creditorAccount": {
        "identity": "IN3997475769122952",
        "iban": "IN3997475769122952",
        "bban": "60893100601855",
        "currency": "INR"
      },
      "debtorAccount": {},
      "accountIban": "IN3568250058046576",
      "operationId": "OP-c7fa519d",
      "entryReference": "REF-124ee4",
      "endToEndId": "E2E-ef47262e",
      "creditorBic": "MOCKINBBXXX",
      "purposeCode": "OTHR"
    },
    {
      "externalId": "d932ca04-7b62-452e-8c54-9cc6a60a22ef",
      "aisType": "BerlinGroup",
      "accountId": "bd10d00c-8dcb-4332-8646-56e7a87f22e0",
      "accountName": "Primary Account",
      "accountIdentity": "IN3568250058046576",
      "currency": "INR",
      "amount": -94550,
      "bookingDate": "2024-08-19",
      "valueDate": "2025-04-05",
      "bankTransactionCode": "PMT",
      "proprietaryBankTransactionCode": "DEBT",
      "remittanceInformationUnstructured": "rent - Landlord",
      "creditorAccount": {},
      "debtorAccount": {
        "identity": "IN5070938531839812",
        "iban": "IN5070938531839812",
        "bban": "31906794040994",
        "currency": "INR"
      },
      "accountIban": "IN3568250058046576",
      "operationId": "OP-3b6d25ae",
      "entryReference": "REF-dc5d25",
      "endToEndId": "E2E-067ab319",
      "debtorBic": "MOCKINBBXXX",
      "purposeCode": "OTHR"
    },
    {
      "externalId": "5104b4b3-fafa-40bd-8065-2472d9ad0393",
      "aisType": "BerlinGroup",
      "accountId": "bd10d00c-8dcb-4332-8646-56e7a87f22e0",
      "accountName": "Primary Account",
      "accountIdentity": "IN3568250058046576",
      "currency": "INR",
      "amount": 7144630,
      "bookingDate": "2025-02-07",
      "valueDate": "2025-04-05",
      "bankTransactionCode": "PMT",
      "proprietaryBankTransactionCode": "CRDT",
      "remittanceInformationUnstructured": "salary - Company",
      "creditorAccount": {
        "identity": "IN9635979183915134",
        "iban": "IN9635979183915134",
        "bban": "38718733982251",
        "currency": "INR"
      },
      "debtorAccount": {},
      "accountIban": "IN3568250058046576",
      "operationId": "OP-e869e3b1",
      "entryReference": "REF-be8f8c",
      "endToEndId": "E2E-debfc94d",
      "creditorBic": "MOCKINBBXXX",
      "purposeCode": "CASH"
    },
    {
      "externalId": "26beaabc-700d-4034-a4cf-af60cbfdf4fc",
      "aisType": "BerlinGroup",
      "accountId": "bd10d00c-8dcb-4332-8646-56e7a87f22e0",
      "accountName": "Primary Account",
      "accountIdentity": "IN3568250058046576",
      "currency": "INR",
      "amount": 9072926,
      "bookingDate": "2025-01-29",
      "valueDate": "2025-04-05",
      "bankTransactionCode": "PMT",
      "proprietaryBankTransactionCode": "CRDT",
      "remittanceInformationUnstructured": "salary - Company",
      "creditorAccount": {
        "identity": "IN1526660132668650",
        "iban": "IN1526660132668650",
        "bban": "37585345945412",
        "currency": "INR"
      },
      "debtorAccount": {},
      "accountIban": "IN3568250058046576",
      "operationId": "OP-4d253386",
      "entryReference": "REF-abdbd3",
      "endToEndId": "E2E-91b362b5",
      "creditorBic": "MOCKINBBXXX",
      "purposeCode": "BKDF"
    },
    {
      "externalId": "4e65b140-df9d-4bd1-a891-0a293521c047",
      "aisType": "BerlinGroup",
      "accountId": "bd10d00c-8dcb-4332-8646-56e7a87f22e0",
      "accountName": "Primary Account",
      "accountIdentity": "IN3568250058046576",
      "currency": "INR",
      "amount": -3103,
      "bookingDate": "2024-09-09",
      "valueDate": "2025-04-05",
      "bankTransactionCode": "PMT",
      "proprietaryBankTransactionCode": "DEBT",
      "remittanceInformationUnstructured": "dining - Zomato",
      "creditorAccount": {},
      "debtorAccount": {
        "identity": "IN6720281427178520",
        "iban": "IN6720281427178520",
        "bban": "66032218099693",
        "currency": "INR"
      },
      "accountIban": "IN3568250058046576",
      "operationId": "OP-612d3c9f",
      "entryReference": "REF-7061fa",
      "endToEndId": "E2E-616131f2",
      "debtorBic": "MOCKINBBXXX",
      "purposeCode": "CASH"
    },
    {
      "externalId": "c26fc0d9-0e7d-4b5b-bc9a-e9f768551457",
      "aisType": "BerlinGroup",
      "accountId": "bd10d00c-8dcb-4332-8646-56e7a87f22e0",
      "accountName": "Primary Account",
      "accountIdentity": "IN3568250058046576",
      "currency": "INR",
      "amount": -1540,
      "bookingDate": "2024-12-25",
      "valueDate": "2025-04-05",
      "bankTransactionCode": "PMT",
      "proprietaryBankTransactionCode": "DEBT",
      "remittanceInformationUnstructured": "transport - Ola",
      "creditorAccount": {},
      "debtorAccount": {
        "identity": "IN9242992716009209",
        "iban": "IN9242992716009209",
        "bban": "91677826597619",
        "currency": "INR"
      },
      "accountIban": "IN3568250058046576",
      "operationId": "OP-04f16809",
      "entryReference": "REF-60a05d",
      "endToEndId": "E2E-daaa2893",
      "debtorBic": "MOCKINBBXXX",
      "purposeCode": "BKDF"
    },
    {
      "externalId": "7ed72d14-cdb1-4315-8217-75b4c2baddcc",
      "aisType": "BerlinGroup",
      "accountId": "bd10d00c-8dcb-4332-8646-56e7a87f22e0",
      "accountName": "Primary Account",
      "accountIdentity": "IN3568250058046576",
      "currency": "INR",
      "amount": -4351,
      "bookingDate": "2024-05-22",
      "valueDate": "2025-04-05",
      "bankTransactionCode": "PMT",
      "proprietaryBankTransactionCode": "DEBT",
      "remittanceInformationUnstructured": "dining - Zomato",
      "creditorAccount": {},
      "debtorAccount": {
        "identity": "IN9837572298831108",
        "iban": "IN9837572298831108",
        "bban": "95079479220005",
        "currency": "INR"
      },
      "accountIban": "IN3568250058046576",
      "operationId": "OP-7068a7e8",
      "entryReference": "REF-25f4a3",
      "endToEndId": "E2E-4274022d",
      "debtorBic": "MOCKINBBXXX",
      "purposeCode": "OTHR"
    },
    {
      "externalId": "329e24f8-dfb8-4b60-89ec-885d4164bcb1",
      "aisType": "BerlinGroup",
      "accountId": "bd10d00c-8dcb-4332-8646-56e7a87f22e0",
      "accountName": "Primary Account",
      "accountIdentity": "IN3568250058046576",
      "currency": "INR",
      "amount": -206938,
      "bookingDate": "2024-05-16",
      "valueDate": "2025-04-05",
      "bankTransactionCode": "PMT",
      "proprietaryBankTransactionCode": "DEBT",
      "remittanceInformationUnstructured": "rent - Landlord",
      "creditorAccount": {},
      "debtorAccount": {
        "identity": "IN7898802341834686",
        "iban": "IN7898802341834686",
        "bban": "48109667800384",
        "currency": "INR"
      },
      "accountIban": "IN3568250058046576",
      "operationId": "OP-cc4e9ed5",
      "entryReference": "REF-b2810c",
      "endToEndId": "E2E-b909ffe0",
      "debtorBic": "MOCKINBBXXX",
      "purposeCode": "OTHR"
    },
    {
      "externalId": "2128053e-cb29-4280-bdb8-c9f99a000816",
      "aisType": "BerlinGroup",
      "accountId": "bd10d00c-8dcb-4332-8646-56e7a87f22e0",
      "accountName": "Primary Account",
      "accountIdentity": "IN3568250058046576",
      "currency": "INR",
      "amount": -84483,
      "bookingDate": "2024-11-26",
      "valueDate": "2025-04-05",
      "bankTransactionCode": "PMT",
      "proprietaryBankTransactionCode": "DEBT",
      "remittanceInformationUnstructured": "rent - Landlord",
      "creditorAccount": {},
      "debtorAccount": {
        "identity": "IN1545140558394290",
        "iban": "IN1545140558394290",
        "bban": "27343543555640",
        "currency": "INR"
      },
      "accountIban": "IN3568250058046576",
      "operationId": "OP-047e4394",
      "entryReference": "REF-d74981",
      "endToEndId": "E2E-497e0d41",
      "debtorBic": "MOCKINBBXXX",
      "purposeCode": "BKDF"
    },
    {
      "externalId": "5080e13e-1cb3-45c4-a978-cae7cf0d6b58",
      "aisType": "BerlinGroup",
      "accountId": "bd10d00c-8dcb-4332-8646-56e7a87f22e0",
      "accountName": "Primary Account",
      "accountIdentity": "IN3568250058046576",
      "currency": "INR",
      "amount": -17810,
      "bookingDate": "2024-10-11",
      "valueDate": "2025-04-05",
      "bankTransactionCode": "PMT",
      "proprietaryBankTransactionCode": "DEBT",
      "remittanceInformationUnstructured": "groceries - D-Mart",
      "creditorAccount": {},
      "debtorAccount": {
        "identity": "IN5595433045029227",
        "iban": "IN5595433045029227",
        "bban": "42652309048248",
        "currency": "INR"
      },
      "accountIban": "IN3568250058046576",
      "operationId": "OP-de032911",
      "entryReference": "REF-0fe1bd",
      "endToEndId": "E2E-c2abc95f",
      "debtorBic": "MOCKINBBXXX",
      "purposeCode": "BKDF"
    },
    {
      "externalId": "a103a622-006a-438b-aaad-c2608335271d",
      "aisType": "BerlinGroup",
      "accountId": "bd10d00c-8dcb-4332-8646-56e7a87f22e0",
      "accountName": "Primary Account",
      "accountIdentity": "IN3568250058046576",
      "currency": "INR",
      "amount": -3207,
      "bookingDate": "2024-06-21",
      "valueDate": "2025-04-05",
      "bankTransactionCode": "PMT",
      "proprietaryBankTransactionCode": "DEBT",
      "remittanceInformationUnstructured": "groceries - D-Mart",
      "creditorAccount": {},
      "debtorAccount": {
        "identity": "IN7827286108505788",
        "iban": "IN7827286108505788",
        "bban": "45016494884970",
        "currency": "INR"
      },
      "accountIban": "IN3568250058046576",
      "operationId": "OP-c85520d5",
      "entryReference": "REF-25f776",
      "endToEndId": "E2E-4771ffe0",
      "debtorBic": "MOCKINBBXXX",
      "purposeCode": "BKDF"
    },
    {
      "externalId": "fb60f1d7-a474-4021-928f-5df1bd75a9dc",
      "aisType": "BerlinGroup",
      "accountId": "bd10d00c-8dcb-4332-8646-56e7a87f22e0",
      "accountName": "Primary Account",
      "accountIdentity": "IN3568250058046576",
      "currency": "INR",
      "amount": -9755,
      "bookingDate": "2024-10-19",
      "valueDate": "2025-04-05",
      "bankTransactionCode": "PMT",
      "proprietaryBankTransactionCode": "DEBT",
      "remittanceInformationUnstructured": "groceries - BigBasket",
      "creditorAccount": {},
      "debtorAccount": {
        "identity": "IN1773372267562176",
        "iban": "IN1773372267562176",
        "bban": "62196361061704",
        "currency": "INR"
      },
      "accountIban": "IN3568250058046576",
      "operationId": "OP-d1c1f7b9",
      "entryReference": "REF-db752b",
      "endToEndId": "E2E-624446f2",
      "debtorBic": "MOCKINBBXXX",
      "purposeCode": "CASH"
    },
    {
      "externalId": "1222b2af-1afd-408b-92ab-cf2fe7a6303e",
      "aisType": "BerlinGroup",
      "accountId": "bd10d00c-8dcb-4332-8646-56e7a87f22e0",
      "accountName": "Primary Account",
      "accountIdentity": "IN3568250058046576",
      "currency": "INR",
      "amount": -239450,
      "bookingDate": "2024-11-12",
      "valueDate": "2025-04-05",
      "bankTransactionCode": "PMT",
      "proprietaryBankTransactionCode": "DEBT",
      "remittanceInformationUnstructured": "rent - Landlord",
      "creditorAccount": {},
      "debtorAccount": {
        "identity": "IN1442089905404407",
        "iban": "IN1442089905404407",
        "bban": "87395666537030",
        "currency": "INR"
      },
      "accountIban": "IN3568250058046576",
      "operationId": "OP-dc031b4d",
      "entryReference": "REF-02e5d4",
      "endToEndId": "E2E-72aba006",
      "debtorBic": "MOCKINBBXXX",
      "purposeCode": "BKDF"
    },
    {
      "externalId": "97a67512-263e-4fdb-a773-e1ca1c5bef8c",
      "aisType": "BerlinGroup",
      "accountId": "bd10d00c-8dcb-4332-8646-56e7a87f22e0",
      "accountName": "Primary Account",
      "accountIdentity": "IN3568250058046576",
      "currency": "INR",
      "amount": 11515848,
      "bookingDate": "2025-03-18",
      "valueDate": "2025-04-05",
      "bankTransactionCode": "PMT",
      "proprietaryBankTransactionCode": "CRDT",
      "remittanceInformationUnstructured": "salary - Company",
      "creditorAccount": {
        "identity": "IN1444810018294266",
        "iban": "IN1444810018294266",
        "bban": "10195889568088",
        "currency": "INR"
      },
      "debtorAccount": {},
      "accountIban": "IN3568250058046576",
      "operationId": "OP-08218fd8",
      "entryReference": "REF-1a6f2d",
      "endToEndId": "E2E-3f23c40a",
      "creditorBic": "MOCKINBBXXX",
      "purposeCode": "BKDF"
    },
    {
      "externalId": "e3b9003d-b7fe-4c03-b4a7-226ca9c74452",
      "aisType": "BerlinGroup",
      "accountId": "bd10d00c-8dcb-4332-8646-56e7a87f22e0",
      "accountName": "Primary Account",
      "accountIdentity": "IN3568250058046576",
      "currency": "INR",
      "amount": -654,
      "bookingDate": "2024-12-15",
      "valueDate": "2025-04-05",
      "bankTransactionCode": "PMT",
      "proprietaryBankTransactionCode": "DEBT",
      "remittanceInformationUnstructured": "transport - Uber",
      "creditorAccount": {},
      "debtorAccount": {
        "identity": "IN8046314826672016",
        "iban": "IN8046314826672016",
        "bban": "31432387638636",
        "currency": "INR"
      },
      "accountIban": "IN3568250058046576",
      "operationId": "OP-fab5d86f",
      "entryReference": "REF-a276fd",
      "endToEndId": "E2E-68d8e2f4",
      "debtorBic": "MOCKINBBXXX",
      "purposeCode": "CASH"
    },
    {
      "externalId": "75c968d1-a1c6-45a4-b9ca-d4e34d719fea",
      "aisType": "BerlinGroup",
      "accountId": "bd10d00c-8dcb-4332-8646-56e7a87f22e0",
      "accountName": "Primary Account",
      "accountIdentity": "IN3568250058046576",
      "currency": "INR",
      "amount": 3946534,
      "bookingDate": "2024-06-12",
      "valueDate": "2025-04-05",
      "bankTransactionCode": "PMT",
      "proprietaryBankTransactionCode": "CRDT",
      "remittanceInformationUnstructured": "salary - Company",
      "creditorAccount": {
        "identity": "IN3677664042251790",
        "iban": "IN3677664042251790",
        "bban": "48741840000324",
        "currency": "INR"
      },
      "debtorAccount": {},
      "accountIban": "IN3568250058046576",
      "operationId": "OP-2099f9b7",
      "entryReference": "REF-bbb72e",
      "endToEndId": "E2E-7e9345c9",
      "creditorBic": "MOCKINBBXXX",
      "purposeCode": "OTHR"
    },
    {
      "externalId": "c2a47841-7676-40f8-a5ba-95d796afd8d4",
      "aisType": "BerlinGroup",
      "accountId": "bd10d00c-8dcb-4332-8646-56e7a87f22e0",
      "accountName": "Primary Account",
      "accountIdentity": "IN3568250058046576",
      "currency": "INR",
      "amount": -812,
      "bookingDate": "2024-06-21",
      "valueDate": "2025-04-05",
      "bankTransactionCode": "PMT",
      "proprietaryBankTransactionCode": "DEBT",
      "remittanceInformationUnstructured": "transport - Ola",
      "creditorAccount": {},
      "debtorAccount": {
        "identity": "IN8820356440123925",
        "iban": "IN8820356440123925",
        "bban": "30975446056834",
        "currency": "INR"
      },
      "accountIban": "IN3568250058046576",
      "operationId": "OP-206463a6",
      "entryReference": "REF-fc1596",
      "endToEndId": "E2E-ad323f01",
      "debtorBic": "MOCKINBBXXX",
      "purposeCode": "BKDF"
    },
    {
      "externalId": "e99cfa60-e46b-42f3-91bf-b1c6d103db5d",
      "aisType": "BerlinGroup",
      "accountId": "bd10d00c-8dcb-4332-8646-56e7a87f22e0",
      "accountName": "Primary Account",
      "accountIdentity": "IN3568250058046576",
      "currency": "INR",
      "amount": -14107,
      "bookingDate": "2024-06-17",
      "valueDate": "2025-04-05",
      "bankTransactionCode": "PMT",
      "proprietaryBankTransactionCode": "DEBT",
      "remittanceInformationUnstructured": "groceries - D-Mart",
      "creditorAccount": {},
      "debtorAccount": {
        "identity": "IN6951907223261373",
        "iban": "IN6951907223261373",
        "bban": "67076774977582",
        "currency": "INR"
      },
      "accountIban": "IN3568250058046576",
      "operationId": "OP-0056e697",
      "entryReference": "REF-b4b6d3",
      "endToEndId": "E2E-076b7304",
      "debtorBic": "MOCKINBBXXX",
      "purposeCode": "OTHR"
    },
    {
      "externalId": "14713e7e-2d37-4f54-96d8-7ad1714f58b7",
      "aisType": "BerlinGroup",
      "accountId": "bd10d00c-8dcb-4332-8646-56e7a87f22e0",
      "accountName": "Primary Account",
      "accountIdentity": "IN3568250058046576",
      "currency": "INR",
      "amount": -125948,
      "bookingDate": "2024-12-04",
      "valueDate": "2025-04-05",
      "bankTransactionCode": "PMT",
      "proprietaryBankTransactionCode": "DEBT",
      "remittanceInformationUnstructured": "rent - Landlord",
      "creditorAccount": {},
      "debtorAccount": {
        "identity": "IN9108270497956903",
        "iban": "IN9108270497956903",
        "bban": "25846199120286",
        "currency": "INR"
      },
      "accountIban": "IN3568250058046576",
      "operationId": "OP-c6c7e317",
      "entryReference": "REF-4f471d",
      "endToEndId": "E2E-2cd9cfff",
      "debtorBic": "MOCKINBBXXX",
      "purposeCode": "CASH"
    },
    {
      "externalId": "74f3c53c-27dd-44b0-b86b-67328e6803fc",
      "aisType": "BerlinGroup",
      "accountId": "bd10d00c-8dcb-4332-8646-56e7a87f22e0",
      "accountName": "Primary Account",
      "accountIdentity": "IN3568250058046576",
      "currency": "INR",
      "amount": -13286,
      "bookingDate": "2024-07-09",
      "valueDate": "2025-04-05",
      "bankTransactionCode": "PMT",
      "proprietaryBankTransactionCode": "DEBT",
      "remittanceInformationUnstructured": "groceries - BigBasket",
      "creditorAccount": {},
      "debtorAccount": {
        "identity": "IN9911446592152375",
        "iban": "IN9911446592152375",
        "bban": "34849772085874",
        "currency": "INR"
      },
      "accountIban": "IN3568250058046576",
      "operationId": "OP-fe01c64e",
      "entryReference": "REF-4a1509",
      "endToEndId": "E2E-6ac93f37",
      "debtorBic": "MOCKINBBXXX",
      "purposeCode": "BKDF"
    },
    {
      "externalId": "f6463aca-4598-4c0b-a4c6-304b40e23607",
      "aisType": "BerlinGroup",
      "accountId": "bd10d00c-8dcb-4332-8646-56e7a87f22e0",
      "accountName": "Primary Account",
      "accountIdentity": "IN3568250058046576",
      "currency": "INR",
      "amount": 12226867,
      "bookingDate": "2024-08-26",
      "valueDate": "2025-04-05",
      "bankTransactionCode": "PMT",
      "proprietaryBankTransactionCode": "CRDT",
      "remittanceInformationUnstructured": "salary - Company",
      "creditorAccount": {
        "identity": "IN8156134364345096",
        "iban": "IN8156134364345096",
        "bban": "23682414270427",
        "currency": "INR"
      },
      "debtorAccount": {},
      "accountIban": "IN3568250058046576",
      "operationId": "OP-5c56f2f2",
      "entryReference": "REF-76d927",
      "endToEndId": "E2E-7c7138ca",
      "creditorBic": "MOCKINBBXXX",
      "purposeCode": "BKDF"
    },
    {
      "externalId": "8947117e-0ded-4ac7-a1da-9d9114848a3c",
      "aisType": "BerlinGroup",
      "accountId": "bd10d00c-8dcb-4332-8646-56e7a87f22e0",
      "accountName": "Primary Account",
      "accountIdentity": "IN3568250058046576",
      "currency": "INR",
      "amount": 14472106,
      "bookingDate": "2024-07-24",
      "valueDate": "2025-04-05",
      "bankTransactionCode": "PMT",
      "proprietaryBankTransactionCode": "CRDT",
      "remittanceInformationUnstructured": "salary - Company",
      "creditorAccount": {
        "identity": "IN1959651475695942",
        "iban": "IN1959651475695942",
        "bban": "11054676599505",
        "currency": "INR"
      },
      "debtorAccount": {},
      "accountIban": "IN3568250058046576",
      "operationId": "OP-ad6057a6",
      "entryReference": "REF-c86dca",
      "endToEndId": "E2E-8b39466a",
      "creditorBic": "MOCKINBBXXX",
      "purposeCode": "CASH"
    },
    {
      "externalId": "a4c82517-e0b9-414c-8bc7-a54ad22dcded",
      "aisType": "BerlinGroup",
      "accountId": "bd10d00c-8dcb-4332-8646-56e7a87f22e0",
      "accountName": "Primary Account",
      "accountIdentity": "IN3568250058046576",
      "currency": "INR",
      "amount": -1546,
      "bookingDate": "2024-08-28",
      "valueDate": "2025-04-05",
      "bankTransactionCode": "PMT",
      "proprietaryBankTransactionCode": "DEBT",
      "remittanceInformationUnstructured": "dining - Zomato",
      "creditorAccount": {},
      "debtorAccount": {
        "identity": "IN5648701367254373",
        "iban": "IN5648701367254373",
        "bban": "77818247460900",
        "currency": "INR"
      },
      "accountIban": "IN3568250058046576",
      "operationId": "OP-3418a00f",
      "entryReference": "REF-067c37",
      "endToEndId": "E2E-65dc2c7a",
      "debtorBic": "MOCKINBBXXX",
      "purposeCode": "OTHR"
    },
    {
      "externalId": "1d0ab7ca-57d2-495b-a75a-0c2553f3ddf7",
      "aisType": "BerlinGroup",
      "accountId": "bd10d00c-8dcb-4332-8646-56e7a87f22e0",
      "accountName": "Primary Account",
      "accountIdentity": "IN3568250058046576",
      "currency": "INR",
      "amount": -20192,
      "bookingDate": "2024-09-16",
      "valueDate": "2025-04-05",
      "bankTransactionCode": "PMT",
      "proprietaryBankTransactionCode": "DEBT",
      "remittanceInformationUnstructured": "groceries - BigBasket",
      "creditorAccount": {},
      "debtorAccount": {
        "identity": "IN2000096632352193",
        "iban": "IN2000096632352193",
        "bban": "28879380117300",
        "currency": "INR"
      },
      "accountIban": "IN3568250058046576",
      "operationId": "OP-d31b3ef6",
      "entryReference": "REF-133a00",
      "endToEndId": "E2E-ab65c3b9",
      "debtorBic": "MOCKINBBXXX",
      "purposeCode": "CASH"
    },
    {
      "externalId": "40bf8095-60ec-4e8c-a22e-4f4e581a0c55",
      "aisType": "BerlinGroup",
      "accountId": "bd10d00c-8dcb-4332-8646-56e7a87f22e0",
      "accountName": "Primary Account",
      "accountIdentity": "IN3568250058046576",
      "currency": "INR",
      "amount": 14043748,
      "bookingDate": "2024-09-26",
      "valueDate": "2025-04-05",
      "bankTransactionCode": "PMT",
      "proprietaryBankTransactionCode": "CRDT",
      "remittanceInformationUnstructured": "salary - Company",
      "creditorAccount": {
        "identity": "IN5456213657516543",
        "iban": "IN5456213657516543",
        "bban": "41209087640685",
        "currency": "INR"
      },
      "debtorAccount": {},
      "accountIban": "IN3568250058046576",
      "operationId": "OP-e4aba9dd",
      "entryReference": "REF-ce4bce",
      "endToEndId": "E2E-1dc2659b",
      "creditorBic": "MOCKINBBXXX",
      "purposeCode": "BKDF"
    },
    {
      "externalId": "492d8be2-3530-4636-9a4d-9f2e206cad13",
      "aisType": "BerlinGroup",
      "accountId": "bd10d00c-8dcb-4332-8646-56e7a87f22e0",
      "accountName": "Primary Account",
      "accountIdentity": "IN3568250058046576",
      "currency": "INR",
      "amount": -984,
      "bookingDate": "2024-09-02",
      "valueDate": "2025-04-05",
      "bankTransactionCode": "PMT",
      "proprietaryBankTransactionCode": "DEBT",
      "remittanceInformationUnstructured": "dining - Zomato",
      "creditorAccount": {},
      "debtorAccount": {
        "identity": "IN2505757942070454",
        "iban": "IN2505757942070454",
        "bban": "90493431002332",
        "currency": "INR"
      },
      "accountIban": "IN3568250058046576",
      "operationId": "OP-65f3f9df",
      "entryReference": "REF-8b213b",
      "endToEndId": "E2E-e87ec9d4",
      "debtorBic": "MOCKINBBXXX",
      "purposeCode": "BKDF"
    },
    {
      "externalId": "0811e4c0-c5bc-4f6d-8a90-acf49c39ab70",
      "aisType": "BerlinGroup",
      "accountId": "bd10d00c-8dcb-4332-8646-56e7a87f22e0",
      "accountName": "Primary Account",
      "accountIdentity": "IN3568250058046576",
      "currency": "INR",
      "amount": 5255850,
      "bookingDate": "2024-08-25",
      "valueDate": "2025-04-05",
      "bankTransactionCode": "PMT",
      "proprietaryBankTransactionCode": "CRDT",
      "remittanceInformationUnstructured": "salary - Company",
      "creditorAccount": {
        "identity": "IN4480105722559059",
        "iban": "IN4480105722559059",
        "bban": "82730824898991",
        "currency": "INR"
      },
      "debtorAccount": {},
      "accountIban": "IN3568250058046576",
      "operationId": "OP-eb52c7a8",
      "entryReference": "REF-16f442",
      "endToEndId": "E2E-53173e62",
      "creditorBic": "MOCKINBBXXX",
      "purposeCode": "CASH"
    },
    {
      "externalId": "94ada3bc-406e-4439-9b98-145f27675c6c",
      "aisType": "BerlinGroup",
      "accountId": "bd10d00c-8dcb-4332-8646-56e7a87f22e0",
      "accountName": "Primary Account",
      "accountIdentity": "IN3568250058046576",
      "currency": "INR",
      "amount": -875,
      "bookingDate": "2024-10-03",
      "valueDate": "2025-04-05",
      "bankTransactionCode": "PMT",
      "proprietaryBankTransactionCode": "DEBT",
      "remittanceInformationUnstructured": "dining - Swiggy",
      "creditorAccount": {},
      "debtorAccount": {
        "identity": "IN8220917696769520",
        "iban": "IN8220917696769520",
        "bban": "94552009876978",
        "currency": "INR"
      },
      "accountIban": "IN3568250058046576",
      "operationId": "OP-48df3ab3",
      "entryReference": "REF-ede13e",
      "endToEndId": "E2E-4369c84b",
      "debtorBic": "MOCKINBBXXX",
      "purposeCode": "OTHR"
    },
    {
      "externalId": "18472166-b323-4762-b4ab-bec009b859bb",
      "aisType": "BerlinGroup",
      "accountId": "bd10d00c-8dcb-4332-8646-56e7a87f22e0",
      "accountName": "Primary Account",
      "accountIdentity": "IN3568250058046576",
      "currency": "INR",
      "amount": -4747,
      "bookingDate": "2025-03-14",
      "valueDate": "2025-04-05",
      "bankTransactionCode": "PMT",
      "proprietaryBankTransactionCode": "DEBT",
      "remittanceInformationUnstructured": "dining - Zomato",
      "creditorAccount": {},
      "debtorAccount": {
        "identity": "IN8982094542738151",
        "iban": "IN8982094542738151",
        "bban": "95223070966448",
        "currency": "INR"
      },
      "accountIban": "IN3568250058046576",
      "operationId": "OP-339e428c",
      "entryReference": "REF-66c40f",
      "endToEndId": "E2E-46780663",
      "debtorBic": "MOCKINBBXXX",
      "purposeCode": "BKDF"
    },
    {
      "externalId": "8f017b97-cc88-47a9-b319-309d74813dca",
      "aisType": "BerlinGroup",
      "accountId": "bd10d00c-8dcb-4332-8646-56e7a87f22e0",
      "accountName": "Primary Account",
      "accountIdentity": "IN3568250058046576",
      "currency": "INR",
      "amount": -1310,
      "bookingDate": "2024-08-26",
      "valueDate": "2025-04-05",
      "bankTransactionCode": "PMT",
      "proprietaryBankTransactionCode": "DEBT",
      "remittanceInformationUnstructured": "transport - Ola",
      "creditorAccount": {},
      "debtorAccount": {
        "identity": "IN1133113595340177",
        "iban": "IN1133113595340177",
        "bban": "76210857156385",
        "currency": "INR"
      },
      "accountIban": "IN3568250058046576",
      "operationId": "OP-3fe215a9",
      "entryReference": "REF-dfd659",
      "endToEndId": "E2E-eb94e58f",
      "debtorBic": "MOCKINBBXXX",
      "purposeCode": "CASH"
    },
    {
      "externalId": "37f50b10-e037-4ccc-b000-28043635beee",
      "aisType": "BerlinGroup",
      "accountId": "bd10d00c-8dcb-4332-8646-56e7a87f22e0",
      "accountName": "Primary Account",
      "accountIdentity": "IN3568250058046576",
      "currency": "INR",
      "amount": -1045,
      "bookingDate": "2024-07-08",
      "valueDate": "2025-04-05",
      "bankTransactionCode": "PMT",
      "proprietaryBankTransactionCode": "DEBT",
      "remittanceInformationUnstructured": "dining - Swiggy",
      "creditorAccount": {},
      "debtorAccount": {
        "identity": "IN8399724122815869",
        "iban": "IN8399724122815869",
        "bban": "24009333657869",
        "currency": "INR"
      },
      "accountIban": "IN3568250058046576",
      "operationId": "OP-aee563c7",
      "entryReference": "REF-4a053d",
      "endToEndId": "E2E-5246e703",
      "debtorBic": "MOCKINBBXXX",
      "purposeCode": "CASH"
    },
    {
      "externalId": "986d2b92-7d38-4a03-b2d3-05d3b4dbcab5",
      "aisType": "BerlinGroup",
      "accountId": "bd10d00c-8dcb-4332-8646-56e7a87f22e0",
      "accountName": "Primary Account",
      "accountIdentity": "IN3568250058046576",
      "currency": "INR",
      "amount": -1693,
      "bookingDate": "2024-06-27",
      "valueDate": "2025-04-05",
      "bankTransactionCode": "PMT",
      "proprietaryBankTransactionCode": "DEBT",
      "remittanceInformationUnstructured": "transport - Ola",
      "creditorAccount": {},
      "debtorAccount": {
        "identity": "IN9169224106403429",
        "iban": "IN9169224106403429",
        "bban": "85720437813702",
        "currency": "INR"
      },
      "accountIban": "IN3568250058046576",
      "operationId": "OP-f98e66b8",
      "entryReference": "REF-887d67",
      "endToEndId": "E2E-c6e86c10",
      "debtorBic": "MOCKINBBXXX",
      "purposeCode": "OTHR"
    },
    {
      "externalId": "c85c0611-f888-4b2a-baaa-c65f6c3c2093",
      "aisType": "BerlinGroup",
      "accountId": "bd10d00c-8dcb-4332-8646-56e7a87f22e0",
      "accountName": "Primary Account",
      "accountIdentity": "IN3568250058046576",
      "currency": "INR",
      "amount": -703,
      "bookingDate": "2024-10-26",
      "valueDate": "2025-04-05",
      "bankTransactionCode": "PMT",
      "proprietaryBankTransactionCode": "DEBT",
      "remittanceInformationUnstructured": "transport - Ola",
      "creditorAccount": {},
      "debtorAccount": {
        "identity": "IN8066373228765693",
        "iban": "IN8066373228765693",
        "bban": "49215024535543",
        "currency": "INR"
      },
      "accountIban": "IN3568250058046576",
      "operationId": "OP-e56a7da4",
      "entryReference": "REF-d5fe8f",
      "endToEndId": "E2E-02ef918c",
      "debtorBic": "MOCKINBBXXX",
      "purposeCode": "BKDF"
    },
    {
      "externalId": "65648929-121e-4ecc-905b-e198600f973b",
      "aisType": "BerlinGroup",
      "accountId": "bd10d00c-8dcb-4332-8646-56e7a87f22e0",
      "accountName": "Primary Account",
      "accountIdentity": "IN3568250058046576",
      "currency": "INR",
      "amount": -250856,
      "bookingDate": "2024-04-10",
      "valueDate": "2025-04-05",
      "bankTransactionCode": "PMT",
      "proprietaryBankTransactionCode": "DEBT",
      "remittanceInformationUnstructured": "rent - Landlord",
      "creditorAccount": {},
      "debtorAccount": {
        "identity": "IN7239361170715326",
        "iban": "IN7239361170715326",
        "bban": "94004654733053",
        "currency": "INR"
      },
      "accountIban": "IN3568250058046576",
      "operationId": "OP-27d0fc4a",
      "entryReference": "REF-d361bb",
      "endToEndId": "E2E-41b911e1",
      "debtorBic": "MOCKINBBXXX",
      "purposeCode": "CASH"
    },
    {
      "externalId": "787800b1-5a4c-4d09-b26b-b8e433f6aead",
      "aisType": "BerlinGroup",
      "accountId": "bd10d00c-8dcb-4332-8646-56e7a87f22e0",
      "accountName": "Primary Account",
      "accountIdentity": "IN3568250058046576",
      "currency": "INR",
      "amount": 11531639,
      "bookingDate": "2025-02-08",
      "valueDate": "2025-04-05",
      "bankTransactionCode": "PMT",
      "proprietaryBankTransactionCode": "CRDT",
      "remittanceInformationUnstructured": "salary - Company",
      "creditorAccount": {
        "identity": "IN1920706064651396",
        "iban": "IN1920706064651396",
        "bban": "37099011357967",
        "currency": "INR"
      },
      "debtorAccount": {},
      "accountIban": "IN3568250058046576",
      "operationId": "OP-f6bdb622",
      "entryReference": "REF-05a0fa",
      "endToEndId": "E2E-138e7014",
      "creditorBic": "MOCKINBBXXX",
      "purposeCode": "BKDF"
    }
  ]
}